Modèle,TV,Radio,Social Media
Régression Linéaire,91.9985,1.2698,0.1541
Ridge,91.9975,1.2707,0.1541
Random Forest,78.3814,2.5021,0.0067
XGBoost,75.44319915771484,5.788400173187256,-0.057100001722574234
MLP,92.02,4.6191,1.055
