Modèle,TV,Radio,Social Media
Régression Linéaire,91.9986,1.2697,0.1537
Ridge,91.9976,1.2705,0.1537
Random Forest,78.3838,2.5005,0.0071
XGBoost,75.50450134277344,5.685200214385986,-0.08829999715089798
MLP,92.0199,4.6184,1.0537
